country,region,iso3,avg_score,avg_gdp,avg_social_support,avg_health,avg_freedom,avg_generosity,avg_corruption,total_rank_change,total_score_change
Finland,Europe,FIN,7.623333287556966,1.3628573083877566,1.5730822416941332,0.8897192231814067,0.6316502855618793,0.20016092419624334,0.3895371809800467,-4,0.35599999999999987
Norway,Europe,NOR,7.561666726430256,1.5201543947855634,1.5658411865234367,0.8952221676508587,0.641474195798238,0.30633741243680335,0.3323212781747183,-1,0.05599999999999916
Denmark,Europe,DNK,7.5589999453226735,1.4054610042572033,1.57137386417389,0.8855218415260313,0.6336689074834186,0.297093496243159,0.40625668938954673,1,0.07399999999999984
Switzerland,Western Europe,CHE,7.548,1.46192,1.247375,0.9022300000000001,0.62557,0.28880500000000003,0.415905,1,-0.0779999999999994
Iceland,Western Europe,ISL,7.531000000000001,1.36449,1.292745,0.9075850000000001,0.5975050000000001,0.45654000000000006,0.1456,1,-0.05999999999999961
Denmark,Western Europe,DNK,7.5264999999999995,1.38363,1.2621600000000002,0.83484,0.614395,0.35155,0.46405,-2,-9.999999999994458e-4
Norway,Western Europe,NOR,7.51,1.51822,1.228925,0.8405,0.63291,0.36297,0.36139499999999997,0,-0.023999999999999133
Iceland,Europe,ISL,7.49766672897339,1.4012110068003334,1.6261913356781,0.9245173740386964,0.6317208784421283,0.39418007357915236,0.13650885315736133,1,-0.007000000000000561
Switzerland,Europe,CHE,7.486999986012777,1.4789931844075532,1.5306372483571367,0.9457104298273724,0.6173568588892621,0.26984975941975903,0.35566909511884065,4,-0.028999999999999915
Netherlands,Europe,NLD,7.435333285013834,1.4203148784637467,1.4796464077631633,0.895898708343506,0.593461496035258,0.37516327659289034,0.2918872751394907,-2,0.14900000000000002
Canada,North America,CAN,7.4155,1.3832200000000001,1.209355,0.8666150000000001,0.6033350000000001,0.453225,0.32143,1,-0.022999999999999687
Finland,Western Europe,FIN,7.4095,1.348115,1.22645,0.8500099999999999,0.606365,0.24421500000000002,0.41188,-1,0.006999999999999673
Netherlands,Western Europe,NLD,7.3585,1.39706,1.154645,0.8525750000000001,0.583935,0.47513000000000005,0.308705,0,-0.0389999999999997
Sweden,Western Europe,SWE,7.3275,1.3917599999999999,1.188355,0.87104,0.6209899999999999,0.37258,0.423555,2,-0.07299999999999862
New Zealand,Oceania,NZL,7.315000043233236,1.3255686826705932,1.56873170789083,0.9062532351811727,0.6226873768170672,0.39833504199981695,0.3839389007091524,0,-0.027000000000000135
Sweden,Europe,SWE,7.313666639963786,1.41212908967336,1.48872072315216,0.917625052769979,0.6153080329895021,0.312466417392095,0.3801329095363617,-3,0.0519999999999996
New Zealand,Australia and New Zealand,NZL,7.3100000000000005,1.30542,1.246225,0.869665,0.610425,0.48451,0.42413,-1,0.047999999999999154
Canada,Americas,CAN,7.30733332824707,1.3914014720916732,1.5061163304646799,0.9231858841578167,0.6160336373647054,0.3471799074808757,0.2954571720759074,3,-0.12599999999999945
Australia,Australia and New Zealand,AUS,7.2985,1.389005,1.206995,0.8913800000000001,0.609805,0.45484500000000005,0.33984000000000003,-1,0.028999999999999915
Israel,Middle East and Northern Africa,ISR,7.2725,1.283115,1.1096499999999998,0.8815200000000001,0.388755,0.32730000000000004,0.082565,0,-0.011000000000001009
Australia,Oceania,AUS,7.261333306630454,1.3988049783706666,1.5436806507110599,0.92996226421992,0.6018691274325053,0.3902330833276113,0.297727910121282,2,-0.08499999999999996
Austria,Western Europe,AUT,7.1594999999999995,1.393805,1.190435,0.8480350000000001,0.5839399999999999,0.329765,0.20012000000000002,-1,-0.0810000000000004
Costa Rica,Latin America and Caribbean,CRI,7.156499999999999,1.0122849999999999,1.1296999999999997,0.810865,0.593005,0.24025000000000002,0.10565000000000001,2,-0.13900000000000023
Austria,Europe,AUT,7.1303333473205575,1.4013657544453932,1.4796483211517333,0.9074428064028424,0.572255396525065,0.2674907739162447,0.223686788479487,-2,0.12700000000000067
United States,North America,USA,7.1114999999999995,1.451235,1.147465,0.8203950000000001,0.513835,0.40591,0.15379000000000004,-2,-0.015000000000000568
Costa Rica,Americas,CRI,7.105999998728433,1.0512354275385531,1.438801217079163,0.8465030884742737,0.5900438833236693,0.16720440967877703,0.09803552983204535,-2,0.07999999999999918
Israel,Asia,ISR,7.055333273569743,1.3174608078002934,1.46342998790741,0.9168013332684832,0.43666286794344605,0.315027551651001,0.1464140333533287,2,-0.12799999999999923
Puerto Rico,Latin America and Caribbean,PRI,7.039000000000001,1.35943,1.08113,0.7775799999999999,0.46823,0.22202,0.12275000000000001,0,0
Ireland,Europe,IRL,6.991666745503744,1.4942355464299533,1.5647437051137298,0.8949275414148967,0.567703447341919,0.3442861076196034,0.30479605110486335,-3,0.11399999999999988
United Kingdom,Europe,GBR,6.986000075022379,1.3395446465810132,1.48915336004893,0.896445312976837,0.47406334527333566,0.367591386238734,0.20847602208455404,-8,0.32899999999999974
Mexico,Latin America and Caribbean,MEX,6.9825,1.0678100000000001,0.8145549999999999,0.7629349999999999,0.42945,0.12904500000000002,0.19833499999999998,7,-0.4089999999999989
Brazil,Latin America and Caribbean,BRA,6.9675,1.03439,1.1361249999999998,0.655585,0.44737,0.15175000000000005,0.15843500000000002,1,-0.031000000000000583
Germany,Europe,DEU,6.967000071207684,1.4003077945709232,1.4668401171366365,0.8823169105847677,0.547837128162384,0.29008972334861766,0.27391064604123433,1,-0.008999999999999453
Luxembourg,Europe,LUX,6.954333305358887,1.6423145325978599,1.4855278886159267,0.91769649839401235,0.5848759636878967,0.22439366062482205,0.31861147467295337,-6,0.21899999999999942
Belgium,Western Europe,BEL,6.933,1.3666049999999998,1.1690749999999999,0.8581300000000001,0.54902,0.23245000000000002,0.24394000000000005,-1,-0.008000000000000007
United States,Americas,USA,6.9236666768391935,1.45908642800649,1.4493068545659364,0.8224288759231567,0.5022468411127727,0.3211929268836977,0.13221292944749202,6,-0.21199999999999974
Ireland,Western Europe,IRL,6.923500000000001,1.4096849999999999,1.265525,0.85494,0.578925,0.45432,0.292285,1,-0.03300000000000036
Belgium,Europe,BEL,6.913666598002116,1.38126025358836,1.4831042327880866,0.899363956451416,0.5319235741297403,0.19316777920722966,0.23378104368845634,0,-0.006000000000000227
Luxembourg,Western Europe,LUX,6.9085,1.630715,1.1298099999999998,0.8821800000000001,0.582265,0.278025,0.365635,3,-0.07500000000000018
Germany,Western Europe,DEU,6.872,1.3878949999999999,1.1985549999999998,0.853365,0.5747150000000001,0.29333,0.25197,-10,0.24399999999999977
Oman,Middle East and Northern Africa,OMN,6.853,1.3601100000000002,1.0818199999999998,0.76276,0.6327400000000001,0.21542000000000003,0.32524,0,0
United Kingdom,Western Europe,GBR,6.795999999999999,1.3346,1.1861,0.8596699999999999,0.5483049999999999,0.51034,0.29733,2,-0.14199999999999946
Singapore,Southeastern Asia,SGP,6.7685,1.583705,0.94379,0.9862200000000001,0.51511,0.319055,0.480985,-2,-0.058999999999999275
United Arab Emirates,Asia,ARE,6.748999921162923,1.7417811231613165,1.1174700771967567,0.7405994121233624,0.49678175671895336,0.26964731550216664,0.2532447818517685,-7,0.2519999999999989
Panama,Latin America and Caribbean,PAN,6.743500000000001,1.123295,1.09381,0.7524799999999999,0.5156850000000001,0.24307,0.08846500000000002,0,-0.08499999999999996
United Arab Emirates,Middle East and Northern Africa,ARE,6.737,1.5003949999999997,0.998445,0.76959,0.6018600000000001,0.265095,0.37072,8,-0.3280000000000003
Czech Republic,Europe,CZE,6.72400006866455,1.2848941173553465,1.4699617389043165,0.8428146677017214,0.4969820578893027,0.06603558629751206,0.03562430903315544,-7,0.25599999999999934
Chile,Latin America and Caribbean,CHL,6.6875,1.161925,1.0151700000000001,0.8387,0.409605,0.32478999999999997,0.1216,-3,0.03500000000000014
Malta,Europe,MLT,6.626666650136313,1.3044266128540034,1.5111372216542567,0.9016480789184571,0.5992556838989257,0.44191019169489537,0.14868868962923704,-8,0.23799999999999955
Argentina,Latin America and Caribbean,ARG,6.612,1.10244,1.157175,0.7421699999999999,0.43629,0.1122,0.0789,-4,0.07599999999999962
Mexico,Americas,MEX,6.55366668955485,1.0870612726211533,1.261954053243,0.7773263325691223,0.4415766694545747,0.087996810932954,0.10025803820292166,2,-0.18300000000000072
Czech Republic,Central and Eastern Europe,CZE,6.5504999999999995,1.244065,1.1071799999999998,0.804295,0.43891,0.103075,0.03319,-4,0.09100000000000019
France,Western Europe,FRA,6.5265,1.33633,1.13273,0.8918700000000002,0.507865,0.12246000000000001,0.19227000000000002,3,-0.09699999999999953
Chile,Americas,CHL,6.523999983469647,1.1809282032648734,1.3280083179473865,0.8491599013010661,0.38829842623074834,0.236887473742167,0.06642932736873627,2,-0.2610000000000001
Uruguay,Latin America and Caribbean,URY,6.515000000000001,1.1216149999999998,1.1201649999999999,0.766715,0.57375,0.20648,0.22976000000000002,-3,0.05999999999999961
France,Europe,FRA,6.5076666374206535,1.34930782063802,1.4419256172180166,0.9324886172612507,0.4754073718388877,0.11292076893647501,0.17716747609774267,-8,0.11399999999999899
Qatar,Middle East and Northern Africa,QAT,6.493,1.757345,0.9791200000000001,0.75728,0.6035950000000001,0.324805,0.501285,8,-0.23599999999999977
Colombia,Latin America and Caribbean,COL,6.479000000000001,0.9744649999999999,1.130935,0.64368,0.491005,0.17013500000000004,0.052595,-2,0.004000000000000448
Thailand,Southeastern Asia,THA,6.4645,1.0281,1.1549049999999998,0.6938249999999999,0.526085,0.58163,0.030100000000000002,-1,0.019000000000000128
Brazil,Americas,BRA,6.45133340962728,1.03245107014974,1.4481020015080766,0.6978507843017576,0.4401512489318847,0.12378329821427668,0.09503092038631433,15,-0.6520000000000001
Venezuela,Latin America and Caribbean,VEN,6.446999999999999,1.088955,1.1444899999999998,0.66978,0.313775,0.050455,0.096865,21,-0.726
Taiwan,Asia,TWN,6.4435,1.3665,1.4329999999999998,0.8855000000000001,0.3845,0.1965,0.08750000000000001,-9,0.06700000000000017
Guatemala,Americas,GTM,6.4239999987284335,0.8176673153241476,1.2641950645446767,0.6314133299191793,0.556770205974579,0.2124961309432984,0.07540775952736538,-12,0.11200000000000188
Taiwan Province of China,Asia,TWN,6.421999931335449,1.4336265325546296,1.38456535339355,0.793984234333038,0.36146658658981307,0.2583604753017431,0.0638292357325554,0,0
Panama,Americas,PAN,6.401000047047933,1.1649161453247066,1.4177308495839434,0.791718711535136,0.5543422780036927,0.14818564641475668,0.06266130799055102,6,-0.3800000000000008
Saudi Arabia,Middle East and Northern Africa,SAU,6.3950000000000005,1.44247,0.96611,0.65646,0.34476,0.14581500000000003,0.31266,-1,-0.03200000000000003
Malta,Western Europe,MLT,6.395,1.2576099999999997,1.20041,0.84518,0.5767950000000001,0.539945,0.1557,-7,0.18600000000000083
Singapore,Asia,SGP,6.392333342234293,1.5977592233022069,1.4226047878265364,1.0328307983080547,0.5789468564987184,0.292655327161153,0.4581025950113934,12,-0.4770000000000012
Uruguay,Americas,URY,6.375333332061767,1.1448532317479465,1.4454092896779367,0.793738941192627,0.5757974181175234,0.14403230969111133,0.16102062424023936,4,-0.2519999999999998
Qatar,Asia,QAT,6.374333333333333,1.73458856201172,1.2967656265894567,0.7763660292625426,0.604376994450887,0.2688246233463287,0.25909975186983736,-7,-0.001000000000000334
Saudi Arabia,Asia,SAU,6.363333287556967,1.4375411850611366,1.3248925329844168,0.6727161099116006,0.4659168574810027,0.10853867129484801,0.17747741826375332,-6,-0.004000000000000448
Argentina,Americas,ARG,6.357666659037274,1.11676515420278,1.4468170483907066,0.7733790278434753,0.5118397346337638,0.07915235356489832,0.05457996257146201,21,-0.5639999999999992
Spain,Europe,ESP,6.355666625976562,1.3071326214472467,1.5180303007761633,0.9719868666330973,0.4065937434832257,0.16171119054158534,0.0746380323767662,-7,-0.007000000000000561
Spain,Western Europe,ESP,6.345,1.28632,1.22162,0.9172900000000002,0.41748,0.17946,0.062675,1,0.03200000000000003
Taiwan,Eastern Asia,TWN,6.3385,1.344135,1.0012050000000001,0.835475,0.36058500000000004,0.254355,0.073795,-4,0.0810000000000004
Suriname,Latin America and Caribbean,SUR,6.269,1.0461,0.8753299999999999,0.558765,0.559455,0.16828,0.131625,0,0
Kuwait,Middle East and Northern Africa,KWT,6.267,1.58568,1.02176,0.680305,0.49332500000000007,0.16096500000000002,0.24639,2,-0.05599999999999916
Colombia,Americas,COL,6.247333291371663,1.0052074416478467,1.4170609788894666,0.6903426411946614,0.49282913835843406,0.11567149098714201,0.03988958061734837,12,-0.35600000000000165
Guatemala,Latin America and Caribbean,GTM,6.2235,0.790035,0.957375,0.59232,0.54056,0.28148500000000004,0.090865,-4,0.20099999999999962
Trinidad & Tobago,Americas,TTO,6.191999999999999,1.2269999999999999,1.4845,0.6385000000000001,0.532,0.178,0.0175,1,0
Trinidad and Tobago,Americas,TTO,6.168000221252439,1.36135590076447,1.3802285194397002,0.519983291625977,0.518630743026733,0.325296461582184,0.008964816108345989,-5,2.2125243948067919e-7
Trinidad and Tobago,Latin America and Caribbean,TTO,6.167999999999999,1.2687749999999998,1.084615,0.5704549999999999,0.5216850000000001,0.31889500000000004,0.011904999999999999,2,0
Thailand,Asia,THA,6.167999928792317,1.0646229238510134,1.4172641518910731,0.7274130098025003,0.591400243918101,0.4317077034314473,0.029537578413883835,19,-0.4660000000000002
Slovakia,Europe,SVK,6.1563333498636865,1.2604645191828399,1.5153530807495132,0.7899109703699746,0.3279391548633577,0.12518149363994602,0.01740361721316973,-7,0.11999999999999922
El Salvador,Americas,SLV,6.140999927520753,0.836594831943512,1.2183750305175767,0.6746728509267169,0.4411508432229361,0.07875266180435816,0.0819936532974243,-11,0.1850000000000005
Bahrain,Asia,BHR,6.130333297729493,1.3961374203364068,1.3523701537450168,0.7407110115687053,0.5555823063850404,0.22355616227785735,0.16334738985697433,-5,-0.019000000000000128
Nicaragua,Americas,NIC,6.105666699727377,0.6997664012908936,1.3104052365620933,0.7293653202056883,0.46985061550140367,0.23655807232856768,0.12856266061464933,-3,0.11299999999999955
El Salvador,Latin America and Caribbean,SLV,6.099,0.8191200000000001,0.9174100000000001,0.636685,0.38809499999999997,0.09784500000000002,0.11194500000000002,4,-0.06200000000000028
Poland,Europe,POL,6.09266668319702,1.2245959542592368,1.44390399010976,0.7881584493319193,0.5164473705291747,0.12782198886076604,0.057769268731276205,-17,0.34699999999999953
Bahrain,Middle East and Northern Africa,BHR,6.089,1.382,1.080105,0.7020599999999999,0.46433500000000005,0.172545,0.28186,-7,0.258
Uzbekistan,Asia,UZB,6.080333398183187,0.7501470292409259,1.5539897165298466,0.6197575425306957,0.671082887649536,0.35532788236935936,0.24850940771897637,-8,0.1869999999999994
Kuwait,Asia,KWT,6.069666673024496,1.53565081723531,1.2932329161961866,0.7050352360407509,0.514445864200592,0.17909659930070235,0.139386516769727,10,-0.21800000000000086
Italy,Europe,ITA,6.062333408355713,1.3176888729731233,1.4779744272232065,0.9460481158892313,0.25615023756027233,0.15592988272508002,0.028676030471920966,-14,0.24599999999999955
Slovakia,Central and Eastern Europe,SVK,6.0365,1.22432,1.176335,0.746345,0.27571,0.15365,0.03189,0,0.08300000000000018
Ecuador,Americas,ECU,6.0029999656677235,0.9339401327768966,1.30938960456848,0.7632120741208394,0.5030660661856333,0.13003748834133133,0.11571154916286468,-1,0.051999999999998714
Lithuania,Europe,LTU,6.000999983469646,1.24986078262329,1.5051720355351765,0.72098331340154,0.29174392831325535,0.026388218892117336,0.019955214284360402,-18,0.3360000000000003
Uzbekistan,Central and Eastern Europe,UZB,5.995,0.684175,1.2542650000000002,0.549675,0.6333449999999999,0.285815,0.29579500000000003,5,-0.016000000000000014
Algeria,Middle East and Northern Africa,DZA,5.9799999999999995,0.995975,0.955405,0.61785,0.247925,0.07433000000000001,0.16770000000000002,-30,0.75
Ecuador,Latin America and Caribbean,ECU,5.9755,0.91854,0.9293850000000001,0.73844,0.44422,0.108075,0.180635,3,0.001000000000000334
Italy,Western Europe,ITA,5.9625,1.303045,1.11972,0.9027400000000001,0.22531500000000002,0.19753500000000002,0.027285,0,0.028999999999999915
Belize,Latin America and Caribbean,BLZ,5.956,0.87616,0.6865499999999999,0.45569,0.5123099999999999,0.23684000000000002,0.10771000000000001,0,0
Belize,Americas,BLZ,5.955999925613405,0.857487658023834,1.091208899497985,0.46209588301181803,0.570254686117172,0.211507820427418,0.09279053580760956,-3,0
Japan,Eastern Asia,JPN,5.954000000000001,1.325405,1.15883,0.9530099999999999,0.48188,0.10464500000000002,0.18522499999999997,7,-0.06599999999999984
Romania,Europe,ROU,5.94666660308838,1.1652279704411834,1.2003637634913131,0.745386104106903,0.482334580818812,0.10150663924217233,0.0034626335663100103,-23,0.5420000000000007
Slovenia,Europe,SVN,5.941333299001057,1.2727353181839,1.4938396069208766,0.8666094093322754,0.5898586025238037,0.18221636442343403,0.05104299292961757,-19,0.34999999999999964
Malaysia,Asia,MYS,5.915000036875407,1.2244051399230966,1.2378820114135733,0.7052614758809407,0.4220883274873097,0.32920297654469804,0.049533569375673936,33,-0.6659999999999995
Nicaragua,Latin America and Caribbean,NIC,5.91,0.643545,1.018525,0.697635,0.5102850000000001,0.28794,0.178045,-9,0.1640000000000006
South Korea,Eastern Asia,KOR,5.9094999999999995,1.3020450000000001,0.8398400000000001,0.9259149999999999,0.29188000000000003,0.186905,0.07786500000000002,10,-0.14900000000000002
Latvia,Europe,LVA,5.907666634877524,1.19858287493388,1.4412383139928167,0.707188990275065,0.317569304148356,0.10669159535566967,0.06794757554928464,-15,0.3800000000000008
Japan,Asia,JPN,5.907000025431317,1.34597172609965,1.4391126095453899,0.9964919570287071,0.501208515326182,0.08952425605058667,0.15125357886155436,5,-0.03500000000000014
Moldova,Central and Eastern Europe,MDA,5.893,0.643125,0.9233,0.570675,0.2901,0.20474000000000003,0.01759,3,0.007999999999999119
Malaysia,Southeastern Asia,MYS,5.8875,1.1881399999999998,0.97524,0.6738,0.46027500000000005,0.372745,0.09791,-14,0.23499999999999943
Kazakhstan,Central and Eastern Europe,KAZ,5.8870000000000005,1.1759849999999998,1.038925,0.60877,0.460845,0.13419,0.09793,0,0.06400000000000095
South Korea,Asia,KOR,5.869333273569743,1.3228928143183398,1.1837581469217933,0.9637380253473917,0.2203072219689687,0.18555812239646902,0.05676088953018189,-3,0.05999999999999961
Bolivia,Latin America and Caribbean,BOL,5.856,0.7377749999999998,0.9081,0.5044500000000001,0.5418750000000001,0.21117000000000002,0.08273,8,-0.0680000000000005
Lithuania,Central and Eastern Europe,LTU,5.823,1.208215,1.16078,0.68901,0.201355,0.023330000000000004,0.014255,4,-0.020000000000000462
Poland,Central and Eastern Europe,POL,5.813000000000001,1.1857,1.163165,0.7348049999999999,0.49156,0.15601000000000004,0.048560000000000006,-3,0.043999999999999595
North Cyprus,Asia,CYP,5.80999994277954,1.3469113111495998,1.18630337715149,0.8346472382545472,0.471203625202179,0.26684570312500006,0.15535335242748305,-1,0.03899994277953933
Cyprus,Asia,CYP,5.809666604359943,1.2826460256576533,1.1817877575556432,0.9319049003918967,0.39470384645462037,0.22108476702372235,0.039079325467348096,-20,0.5
Slovenia,Central and Eastern Europe,SVN,5.808,1.242225,1.16499,0.83244,0.570095,0.25533000000000006,0.037110000000000004,8,-0.08000000000000007
Belarus,Central and Eastern Europe,BLR,5.807499999999999,1.08127,1.1414099999999998,0.68356,0.335145,0.12494000000000001,0.182735,2,-0.01100000000000012
Russia,Europe,RUS,5.80699994023641,1.2052593657175699,1.4667607962290432,0.6241164445877077,0.368927703857422,0.06642127413551013,0.029654293676217403,12,-0.20800000000000018
Kazakhstan,Asia,KAZ,5.80599992243449,1.20018542321523,1.4694563385645534,0.6553471835454306,0.43381809441248576,0.16532147435347236,0.11209429546197267,6,-0.11000000000000032
Mauritius,Africa,MUS,5.80266672897339,1.13313184897105,1.3328536634445198,0.7066691540082296,0.524415775378545,0.2736445836226147,0.05072718506058057,-9,0.2400000000000002
Russia,Central and Eastern Europe,RUS,5.786,1.18496,1.14439,0.6295849999999998,0.34680500000000003,0.014675,0.032955,-8,0.13999999999999968
Bolivia,Americas,BOL,5.784666651407877,0.7869188553492227,1.2198730173110965,0.5625434165000917,0.5585776422818504,0.16785357491175334,0.05949257538715997,2,-0.04299999999999837
Peru,Latin America and Caribbean,PER,5.7835,0.948105,0.89357,0.6800550000000001,0.39499000000000006,0.147545,0.056405000000000004,6,-0.08099999999999863
Northern Cyprus,Asia,CYP,5.7765,1.246,1.2315,0.9755,0.456,0.185,0.15800000000000003,6,-0.11699999999999999
Estonia,Europe,EST,5.74766668701172,1.2526264467239365,1.5122236998875933,0.7687227721214294,0.5090438101291657,0.09596360373497011,0.17274964074293767,-17,0.37600000000000033
North Cyprus,Western Europe,CYP,5.7330000000000005,1.259735,0.9441700000000001,0.88249,0.46311500000000005,0.262455,0.15429,-4,0.0760000000000014
Paraguay,Latin America and Caribbean,PRY,5.708,0.82679,1.20794,0.6219649999999999,0.5006700000000001,0.29768,0.07819000000000001,17,-0.33999999999999986
Jamaica,Americas,JAM,5.696999956766763,0.8585264364878338,1.4464060214360568,0.7216741280555726,0.5131024130185446,0.145606112440427,0.03808926033973693,-17,0.3799999999999999
Peru,Americas,PER,5.691666717529296,0.9764084240595499,1.2472567949295033,0.7193887044588723,0.47833429296811436,0.10060657163461033,0.03601636218031247,1,-0.04600000000000115
Libya,Middle East and Northern Africa,LBY,5.6845,1.0991650000000002,1.0346899999999999,0.6134200000000001,0.41170000000000007,0.17691,0.10681000000000002,4,-0.13900000000000023
Moldova,Europe,MDA,5.66899994023641,0.690290210088094,1.2936085236867265,0.6494884003003436,0.23924301628271735,0.186926375468572,0.0033637620508670664,16,-0.36799999999999944
Paraguay,Americas,PRY,5.639000010172527,0.8741791057586671,1.50142829322815,0.6570835644404094,0.509502597252528,0.19005021921793633,0.08168863781293234,-7,0.20500000000000007
Croatia,Central and Eastern Europe,HRV,5.6235,1.134515,0.7021649999999999,0.746645,0.24895,0.11939,0.03216,12,-0.2709999999999999
Cyprus,Western Europe,CYP,5.6175,1.26335,0.800075,0.88618,0.35089500000000007,0.29272000000000004,0.05687,2,-0.1429999999999998
Jamaica,Latin America and Caribbean,JAM,5.609500000000001,0.851855,1.05737,0.6410499999999999,0.47019500000000003,0.217375,0.032965,8,-0.19900000000000073
Kosovo,Europe,XKX,5.606199961090088,0.8782828764305114,1.014490700645446,0.609754410041809,0.3177475881004334,0.28379028950119023,0.03987032361125946,-23,0.5109999999999992
Turkmenistan,Central and Eastern Europe,TKM,5.603,1.01932,1.132425,0.48946,0.42509,0.19773000000000002,0.296555,-5,0.10999999999999943
Turkmenistan,Asia,TKM,5.568333342234293,1.0662589209874467,1.5213830537796034,0.5372420268058777,0.40975730967521673,0.23097499585151668,0.108090113401413,22,-0.4109999999999996
Hungary,Europe,HUN,5.5673332939147935,1.2193373114268,1.38471103064219,0.7492544841766356,0.211287839770317,0.07346722080310186,0.0262123124698798,-29,0.6130000000000004
Mauritius,Sub-Saharan Africa,MUS,5.5625,1.0756649999999999,0.87108,0.6856949999999999,0.511055,0.373475,0.06362000000000001,-5,0.17099999999999937
Libya,Africa,LBY,5.53866669845581,1.04360102144877,1.3368547767003367,0.5820563398996991,0.4592444100379943,0.13369122215112067,0.1308700700600942,5,-0.08999999999999986
Philippines,Asia,PHL,5.528333276112873,0.8132330718040468,1.28630585829417,0.5460030182202656,0.5954048914909363,0.143504474401474,0.1037772976756096,-13,0.3519999999999994
Honduras,Americas,HND,5.515000077565509,0.664191039244334,1.1949816595713298,0.677523159980774,0.4380266200701397,0.22639629121621432,0.07511515084902448,-45,0.988999999999999
Estonia,Central and Eastern Europe,EST,5.473,1.21569,1.13977,0.727295,0.431995,0.08551500000000001,0.16851500000000003,-1,0.08799999999999919
"Hong Kong S.A.R., China",Asia,HKG,5.472000122070311,1.5516748428344695,1.26279091835022,0.943062424659729,0.490968644618988,0.37446579337120106,0.293933749198914,0,0
Hong Kong,Eastern Asia,HKG,5.466,1.4483700000000002,0.9641950000000001,0.983025,0.538435,0.39787500000000003,0.343855,3,-0.016000000000000014
Serbia,Europe,SRB,5.465333326975503,1.01610585975647,1.3367299324671433,0.72992822376887,0.2595718427499137,0.16370862793922433,0.04096792686978977,-16,0.42600000000000016
Pakistan,Asia,PAK,5.464666684468587,0.6852945102055866,0.789563563187917,0.4536825943787894,0.29407175385952,0.25048200639088936,0.11178268891572968,-25,0.5209999999999999
Algeria,Africa,DZA,5.45933340581258,1.0242881555557266,1.1534058218002337,0.6965282152493792,0.13211193597316734,0.0658122156659762,0.13169870344797768,50,-1.1439999999999992
Belarus,Europe,BLR,5.4583332557678235,1.0875191866556801,1.46931507205963,0.7089047555923462,0.2791334206263224,0.11671250303586335,0.150771273891131,20,-0.4790000000000001
Turkey,Asia,TUR,5.452,1.1764247913360601,1.3592510588963833,0.7105352025032043,0.2732468665440877,0.0785643473068873,0.1048905266324679,1,-0.016000000000000014
Somalia,Sub-Saharan Africa,SOM,5.44,0,0.33612999999999993,0.11466000000000001,0.5677800000000001,0.27225,0.3118,0,0
Portugal,Europe,PRT,5.4326667238871265,1.2413917649587,1.4090143394470198,0.8929478472073873,0.522821766535441,0.0657009041706721,0.0192898172289133,-28,0.5700000000000003
Hong Kong,Asia,HKG,5.430000000000001,1.4215,1.2835,1.076,0.482,0.252,0.28900000000000003,1,-0.02799999999999958
Montenegro,Europe,MNE,5.368999996185303,1.0630430119832366,1.2927921660741166,0.7558215578397117,0.21699635179837534,0.150303674697876,0.08305806469917297,-15,0.3620000000000001
Turkey,Middle East and Northern Africa,TUR,5.3605,1.11295,0.911745,0.68945,0.23352,0.08480000000000001,0.14047000000000004,2,0.057000000000000384
Indonesia,Southeastern Asia,IDN,5.3565,0.8896550000000001,0.981665,0.565835,0.42924000000000007,0.54028,0.00161,5,-0.08500000000000085
Croatia,Europe,HRV,5.34866674041748,1.1641854111353567,1.13166100247701,0.784096173763275,0.31059076420466103,0.16233432539304102,0.03470103668173154,1,-0.05600000000000005
Latvia,Central and Eastern Europe,LVA,5.329,1.1654999999999998,1.022935,0.681945,0.288335,0.178355,0.07611,-21,0.46199999999999974
Romania,Central and Eastern Europe,ROU,5.325999999999999,1.1065749999999999,0.806955,0.72246,0.3589,0.133185,0.00664,-15,0.4040000000000008
Dominican Republic,Americas,DOM,5.31900000635783,1.0254579455057766,1.4148055686950698,0.6559579151471456,0.5425299445788067,0.13998928324381502,0.10698175106445934,-12,0.27000000000000046
Greece,Europe,GRC,5.290666745503743,1.20816249370575,1.1991381909052534,0.8960663010279337,0.09791041698058447,0,0.04042992563049,-17,0.25399999999999956
North Macedonia,Europe,MKD,5.274,0.983,1.294,0.8380000000000001,0.345,0.185,0.034,0,0
Lebanon,Asia,LBN,5.259999968210856,1.0089958435694368,1.17754141585032,0.778360358874003,0.3358386616706847,0.2148169195652007,0.06683794325590134,-2,0.06799999999999962
Azerbaijan,Central and Eastern Europe,AZE,5.2515,1.07381,0.849175,0.5927450000000001,0.361785,0.067195,0.16989500000000002,1,0.07900000000000063
Jordan,Middle East and Northern Africa,JOR,5.2475,0.949355,0.9580399999999999,0.651755,0.38342,0.126575,0.13795000000000002,-2,0.11100000000000065
China,Asia,CHN,5.23666658782959,1.0330552635192864,1.1426124706268301,0.811138500213623,0.5302625693480174,0.038602280333638196,0.07526475820442041,10,-0.05400000000000027
Tajikistan,Asia,TJK,5.23566662979126,0.497237878481547,1.1784877583185833,0.615078374862671,0.38418890229860936,0.22199921452999102,0.10812571541468301,-26,0.4709999999999992
Kyrgyzstan,Central and Eastern Europe,KGZ,5.2355,0.51736,1.052745,0.602685,0.41844500000000007,0.34231,0.04497,8,-0.10100000000000087
Bosnia and Herzegovina,Europe,BIH,5.232333386739096,0.947469805876414,1.1197786458333334,0.769395435810089,0.2321343923012417,0.26928916501998906,0.002,-9,0.22300000000000075
Morocco,Africa,MAR,5.232333377838134,0.819371527036031,0.7846214783986409,0.6829035563468933,0.4287194440364837,0.031403318385283166,0.07925439427296321,-1,0.057000000000000384
Bhutan,Southern Asia,BTN,5.2245,0.8115600000000001,1.006155,0.53583,0.49639999999999995,0.48272000000000004,0.15802500000000003,5,-0.057000000000000384
Azerbaijan,Asia,AZE,5.214333401997884,1.0735339218775433,1.1534667517344166,0.6375919253031413,0.39305194608370464,0.037089780092239365,0.17966250236829134,9,-0.08300000000000018
Vietnam,Southeastern Asia,VNM,5.2105,0.6862649999999999,0.851715,0.7041649999999999,0.57699,0.209675,0.109985,21,-0.2989999999999995
China,Eastern Asia,CHN,5.1925,0.9589599999999999,0.8702799999999999,0.776095,0.478545,0.06572,0.027630000000000002,-1,0.10500000000000043
Indonesia,Asia,IDN,5.18233336130778,0.9418461974461874,1.2308148997624697,0.5581152401765186,0.490774487733841,0.531234862645467,0.02043904516349237,13,-0.12199999999999989
Macedonia,Europe,MKD,5.180000095367431,1.01178896856308,1.2234465069770797,0.667974092245102,0.35995298933982856,0.21338048183918001,0.056138896778225894,-6,0.06400000000000006
Montenegro,Central and Eastern Europe,MNE,5.176499999999999,1.02638,0.82365,0.6802699999999999,0.166855,0.16665500000000003,0.135085,6,-0.030999999999999694
Philippines,Southeastern Asia,PHL,5.176,0.758745,0.9569650000000001,0.52575,0.5869949999999999,0.23332500000000006,0.12018000000000001,-8,0.2060000000000004
Nigeria,Africa,NGA,5.164666627248127,0.7229187520345053,1.1662568276723233,0.11663857674598695,0.427650855143865,0.21564906549453736,0.03304052202403547,-18,0.3899999999999997
Pakistan,Southern Asia,PAK,5.162999999999999,0.6417949999999999,0.33773000000000003,0.45886000000000005,0.13362000000000002,0.32428,0.12172000000000001,11,-0.06199999999999939
Serbia,Central and Eastern Europe,SRB,5.1499999999999995,0.9774499999999999,0.911465,0.6970799999999999,0.179125,0.19984000000000002,0.034780000000000005,-1,0.05400000000000027
Jordan,Asia,JOR,5.13433332188924,0.8833374648094177,1.2430296309789033,0.688196686108907,0.42314038308461505,0.13739015340805066,0.12793442406257,21,-0.39699999999999935
Kyrgyzstan,Asia,KGZ,5.132000062306724,0.5590733586947124,1.41607953039805,0.623485932191213,0.5009811295668284,0.33652679117520673,0.0324797263344129,1,0.07600000000000051
Mongolia,Asia,MNG,5.1216666412353495,0.96307862186432,1.5136704120636,0.5999278281529743,0.368714656273524,0.275488076766332,0.034300763060649234,-18,0.3780000000000001
Vietnam,Asia,VNM,5.117333293914793,0.7481825251579283,1.3294971103668198,0.7350563297271729,0.5773518637021383,0.18632268377145136,0.07987774574756625,-2,0.11399999999999988
Portugal,Western Europe,PRT,5.112499999999999,1.21799,1.0415100000000002,0.8344100000000001,0.4809800000000001,0.12705,0.012995,6,0.020999999999999908
Morocco,Middle East and Northern Africa,MAR,5.082,0.787685,0.51345,0.602125,0.336685,0.05612500000000001,0.08475,-2,0.1379999999999999
Nigeria,Sub-Saharan Africa,NGA,5.0715,0.703255,0.7746500000000001,0.105575,0.31094,0.25226000000000004,0.0354,25,-0.3929999999999998
Macedonia,Central and Eastern Europe,MKD,5.064,0.9689049999999999,0.8923399999999999,0.6914149999999999,0.30562500000000004,0.22933,0.06187000000000001,2,0.11399999999999988
Bhutan,Asia,BTN,5.05833338546753,0.8314721295038859,1.33204217147827,0.5422930974960327,0.49984589354197195,0.40268484838803603,0.170460129936536,11,-0.11399999999999988
Somaliland Region,Sub-Saharan Africa,SML,5.0569999999999995,0.25558000000000003,0.7586200000000001,0.33108,0.39130000000000004,0.5147900000000001,0.36794,0,0
Somaliland region,Sub-Saharan Africa,SML,5.0569999999999995,0.18847,0.95152,0.43873,0.46582000000000007,0.50318,0.39928,0,0
Bosnia and Herzegovina,Central and Eastern Europe,BIH,5.056,0.88303,0.781415,0.7492349999999999,0.09378,0.27348500000000003,0.0011350000000000002,-9,0.21399999999999864
Dominican Republic,Latin America and Caribbean,DOM,5.02,0.9616199999999999,1.08349,0.6224700000000001,0.549655,0.21485000000000004,0.13303000000000004,-9,0.2699999999999996
Lebanon,Middle East and Northern Africa,LBN,4.984,1.07416,0.720925,0.80059,0.30072,0.22773500000000002,0.038215,-10,0.28999999999999915
Hungary,Central and Eastern Europe,HUN,4.9725,1.18118,1.0668950000000001,0.717565,0.25941000000000003,0.11349999999999999,0.03615,-13,0.34499999999999975
Mozambique,Sub-Saharan Africa,MOZ,4.971000000000001,0.08308,1.02626,0.09130999999999999,0.34037,0.22269,0.15603000000000003,0,0
Zambia,Sub-Saharan Africa,ZMB,4.962,0.5412,0.7768600000000001,0.26748500000000003,0.45744500000000005,0.18728500000000003,0.11973500000000001,21,-0.33399999999999963
Greece,Western Europe,GRC,4.945,1.20146,0.8420300000000001,0.84121,0.06760500000000001,0,0.027620000000000002,-3,0.17600000000000104
Somalia,Africa,SOM,4.9336666742960595,0.007547728096445398,0.7103837839762369,0.16566304570436466,0.6117089853286742,0.2575437703927357,0.27813677453994773,36,-0.7720000000000011
Venezuela,Americas,VEN,4.921,1.02814373366038,1.4424458649953198,0.6930480756759644,0.14699904108047504,0.06167320996522903,0.05449704098701478,64,-1.3769999999999998
Nepal,Asia,NPL,4.918333297729493,0.45027339728673305,1.2110944204330434,0.5733769268989563,0.4684353160858154,0.3270320552984874,0.07999184870719911,-7,0.1200000000000001
Cameroon,Africa,CMR,4.904666723887127,0.5494351216952007,0.9156727396647137,0.21529737230141965,0.421796249548594,0.202099485596021,0.04376887713869414,-18,0.5309999999999997
Lesotho,Sub-Saharan Africa,LSO,4.898,0.37545,1.04103,0.07612000000000002,0.31767,0.16388,0.12504,0,0
Tunisia,Middle East and Northern Africa,TUN,4.892,0.9291849999999999,0.51797,0.6668499999999999,0.24910500000000002,0.05183499999999999,0.07264000000000001,-9,0.30599999999999916
Tajikistan,Central and Eastern Europe,TJK,4.891,0.4394100000000001,0.805825,0.5524900000000001,0.4531200000000001,0.24486000000000002,0.142905,-6,0.20999999999999996
Mongolia,Eastern Asia,MNG,4.890499999999999,0.9083600000000001,1.195215,0.5786850000000001,0.39799,0.33884499999999995,0.029755000000000004,1,0.03300000000000036
Bulgaria,Europe,BGR,4.88600007502238,1.1024863627751667,1.4874598194758097,0.745072560151418,0.31974390586217233,0.08605923146009434,0.008017176983257133,-32,0.7940000000000005
Laos,Southeastern Asia,LAO,4.876,0.63554,0.643865,0.4660000000000001,0.5587949999999999,0.42635500000000004,0.23336,3,0
Swaziland,Sub-Saharan Africa,SWZ,4.866999999999999,0.7120599999999999,1.07284,0.07566000000000002,0.30658,0.18259,0.0306,0,0
Honduras,Latin America and Caribbean,HND,4.8295,0.644805,0.8547199999999999,0.639465,0.334515,0.217335,0.068655,-1,0.08300000000000018
Albania,Central and Eastern Europe,ALB,4.807,0.9169850000000002,0.652985,0.77166,0.337995,0.15556000000000003,0.05857000000000001,14,-0.30400000000000116
South Africa,Africa,ZAF,4.758333332061766,0.98489956855774,1.38192954413096,0.328693356792132,0.4614155785242717,0.124120793302854,0.06116983246803283,-10,0.262999999999999
Iran,Middle East and Northern Africa,IRN,4.749499999999999,1.06319,0.46652000000000005,0.670185,0.26288500000000004,0.38312,0.05716500000000001,-5,0.12699999999999978
Palestinian Territories,Asia,PSE,4.738000031789143,0.6717497425079347,1.2065490528742466,0.6132223245302837,0.24857035390536,0.10105772463480635,0.07709420069058737,2,-0.05799999999999983
Palestinian Territories,Middle East and Northern Africa,PSE,4.7345,0.634455,0.820935,0.614295,0.21121500000000004,0.112025,0.11759,0,0.0389999999999997
Laos,Asia,LAO,4.7095,0.742,1.032,0.496,0.5865,0.248,0.169,3,-0.08000000000000007
Gabon,Africa,GAB,4.67400005086263,1.0970700798034667,1.1675400724411,0.4438595294952394,0.321109525680542,0.039595126112302134,0.0610155957341194,-30,0.6780000000000008
Bangladesh,Southern Asia,BGD,4.6685,0.46965,0.33927500000000005,0.5657650000000001,0.40299,0.20177,0.12575999999999998,1,-0.05099999999999927
Nepal,Southern Asia,NPL,4.653499999999999,0.403115,0.78074,0.5347350000000001,0.37647,0.35228000000000004,0.06457500000000001,-14,0.2790000000000008
Albania,Europe,ALB,4.6496666844685866,0.9530642511049907,0.8228950826327007,0.7983865822156271,0.39449954493840533,0.17610431476434069,0.0329547386666139,-2,0.06400000000000095
Iran,Asia,IRN,4.648999970753986,1.1052910356521601,0.7748504163424172,0.7051110628445942,0.33777420270442965,0.3130809710820517,0.100920357833306,12,-0.2649999999999997
Iraq,Middle East and Northern Africa,IRQ,4.6259999999999994,1.030115,0.70547,0.556565,0.12428000000000002,0.18755500000000003,0.13712000000000002,0,-0.10199999999999942
Tunisia,Africa,TUN,4.619333276112873,0.9427552687327067,0.9247838198343914,0.7060706830024719,0.2425602298577627,0.04956445239981017,0.0682410496075948,26,-0.5839999999999996
Senegal,Africa,SEN,4.615666615804036,0.4527696741422017,1.1435639702479035,0.47112095085779837,0.35864075557390834,0.15815629772345235,0.08982014932235068,-17,0.46199999999999974
Ivory Coast,Africa,CIV,4.598333276112873,0.5710163068771363,0.8615933434168498,0.12021405656139057,0.4222353975772857,0.1670791566371917,0.10768725848197934,-40,1.0280000000000005
Ghana,Africa,GHA,4.590999961853027,0.6234082748095193,0.879221578915914,0.3728792422612507,0.4343420978387197,0.23797464791933703,0.031445456624031067,-26,0.7199999999999998
Namibia,Sub-Saharan Africa,NAM,4.574,0.9328700000000001,0.70362,0.34745,0.48614,0.07795,0.10398,0,0
Sierra Leone,Sub-Saharan Africa,SLE,4.571,0.347545,0.791855,0,0.357625,0.22692500000000002,0.08491000000000001,-12,0.1280000000000001
Congo (Brazzaville),Africa,COG,4.5539999631245935,0.7213214174906413,0.8140147876739503,0.38031914464632666,0.4403419569333394,0.105617375890414,0.08320604453484216,-24,0.5759999999999987
Sierra Leone,Africa,SLE,4.551333370208741,0.29747364290555334,0.8793786816596983,0.08252158463249605,0.327565896987915,0.26101363380750037,0.056365058680375446,18,-0.2610000000000001
Namibia,Africa,NAM,4.551333293914794,0.9058114418983461,1.2308236023585,0.3935372704664867,0.480101182460785,0.06604458165168765,0.0710489907860756,0,0.06500000000000039
South Africa,Sub-Saharan Africa,ZAF,4.5504999999999995,0.972325,1.072605,0.23149500000000003,0.37845,0.128145,0.08649499999999999,3,-0.18299999999999894
Bangladesh,Asia,BGD,4.521333267211913,0.5602276584307353,0.8377105801900226,0.6117470111846924,0.528452219804128,0.16375178404649102,0.13690595312913267,15,-0.1869999999999994
Gambia,Africa,GMB,4.516,0.308,0.9390000000000001,0.42800000000000005,0.382,0.269,0.167,0,0
Ethiopia,Sub-Saharan Africa,ETH,4.51,0.24178000000000002,0.49168999999999996,0.393165,0.40076500000000004,0.269235,0.16109,-7,-0.0039999999999995595
Ukraine,Central and Eastern Europe,UKR,4.5024999999999995,0.8359700000000001,1.108455,0.6300899999999999,0.18990999999999997,0.17819000000000002,0.02395,12,-0.3570000000000011
Kenya,Africa,KEN,4.490666657765707,0.521826487382253,1.03298357518514,0.448329449892044,0.4625879220167797,0.3896201031208037,0.05754710640509923,-1,0.15300000000000047
India,Southern Asia,IND,4.4845,0.6926749999999999,0.337105,0.48310000000000003,0.400355,0.257515,0.08607000000000001,1,-0.1609999999999996
Mozambique,Africa,MOZ,4.4776667302449535,0.21210188333193467,0.9195670049985251,0.22321814513206467,0.5019303639729817,0.241742701292038,0.15847879521052036,29,-0.5050000000000008
Iraq,Asia,IRQ,4.4633334058125795,1.05190349515279,0.9765377326011656,0.537060156663259,0.27785184423128767,0.16521242133776334,0.097071918229262,14,-0.1379999999999999
Ghana,Sub-Saharan Africa,GHA,4.4545,0.588325,0.5865349999999999,0.34906500000000007,0.41657500000000003,0.22145,0.038075000000000005,10,-0.3569999999999993
Egypt,Africa,EGY,4.4400000445048,0.9292339358329774,1.0204904640515646,0.5723957529067993,0.278370051542918,0.09887714759508769,0.096127121826013,17,-0.19599999999999973
Cambodia,Asia,KHM,4.43366674041748,0.5749216987291974,1.0720794471104933,0.507927801291148,0.6461252744992574,0.2913076561292014,0.06503531698385874,-31,0.7930000000000001
Sri Lanka,Asia,LKA,4.425666685740153,0.9589500481287634,1.2796587956746432,0.709376944065094,0.5387377516428631,0.3472878538767497,0.0568846553961436,13,-0.04900000000000038
Armenia,Asia,ARM,4.418666642506916,0.8555322459538777,1.01749457359314,0.706174808661143,0.24710108911991135,0.08516269727547963,0.03955814050137997,-5,0.19900000000000073
Myanmar,Asia,MMR,4.404333358764649,0.586370183467865,1.1594119803110767,0.4605075229008994,0.5398306783040363,0.6673583869934083,0.17960540155569701,12,-0.03500000000000014
Zimbabwe,Sub-Saharan Africa,ZWE,4.4014999999999995,0.310705,0.8737699999999999,0.24712499999999998,0.25644999999999996,0.18745,0.08330500000000002,16,-0.4169999999999998
Congo (Kinshasa),Sub-Saharan Africa,COD,4.3945,0.028305000000000004,0.90398,0.14303,0.191035,0.25146,0.0685,5,-0.24499999999999922
Kenya,Sub-Saharan Africa,KEN,4.3875,0.44369000000000003,0.8805799999999999,0.35791000000000006,0.413955,0.39435000000000003,0.062625,-3,-0.06300000000000061
Cameroon,Sub-Saharan Africa,CMR,4.3825,0.473735,0.756545,0.1805,0.460225,0.21649000000000002,0.05956,-19,0.2610000000000001
Georgia,Asia,GEO,4.381666591644287,0.8965375547409057,0.60953831132253,0.6815156602859496,0.3434700118700663,0.04500293847918511,0.2102222117582957,-7,0.26700000000000035
Mauritania,Africa,MRT,4.379333272298177,0.591819096247355,1.2280102767944334,0.3554497598807017,0.09703268100817998,0.14729000806808465,0.10598566822210935,-8,0.2889999999999997
Djibouti,Sub-Saharan Africa,DJI,4.369,0.44025,0.59207,0.36291,0.46074,0.18093,0.28105,0,0
Ethiopia,Africa,ETH,4.36533334604899,0.3277446151574453,0.9492230679194134,0.42546990251541134,0.4016142474810283,0.24721691338221233,0.13715190462271368,19,-0.22199999999999953
Armenia,Central and Eastern Europe,ARM,4.3549999999999995,0.814535,0.70094,0.685365,0.16942000000000002,0.07824,0.03758,-6,0.009999999999999787
Myanmar,Southeastern Asia,MMR,4.350999999999999,0.30610000000000004,0.7044299999999999,0.4406300000000001,0.43354500000000007,0.807795,0.19638500000000003,-10,0.08800000000000008
Burkina Faso,Africa,BFA,4.347666688283283,0.33174257119496664,1.0654266684850067,0.28328141955534636,0.297122617006302,0.20095489486058568,0.12044270199537267,-30,0.8479999999999999
Sudan,Sub-Saharan Africa,SDN,4.3445,0.5758800000000001,0.91666,0.333185,0.050405,0.185695,0.12349500000000001,15,-0.4109999999999996
Sri Lanka,Southern Asia,LKA,4.343,0.90421,0.93344,0.6640649999999999,0.522715,0.43903000000000003,0.08571500000000001,-15,0.14399999999999924
Mali,Africa,MLI,4.342333352406819,0.41039349794387836,1.2064911327362065,0.20978855808575933,0.3335379144350687,0.158451399644216,0.07099008218447367,-7,0.3169999999999993
Zambia,Africa,ZMB,4.332666646321613,0.5921355930964153,1.0360624329249066,0.3262786316076914,0.46520116416613266,0.2391933816274007,0.08240451671679815,32,-0.6880000000000006
Mauritania,Sub-Saharan Africa,MRT,4.3185,0.53399,0.8552500000000001,0.322565,0.18456,0.22293000000000002,0.17708000000000002,6,-0.23500000000000032
Congo (Kinshasa),Africa,COD,4.31433340326945,0.08503411626815796,1.1633411521911632,0.2508023416201273,0.2723204492727917,0.21848527777194968,0.055080452164014165,2,0.1459999999999999
Egypt,Middle East and Northern Africa,EGY,4.277999999999999,0.917875,0.622565,0.56914,0.180675,0.11998500000000001,0.083585,-15,0.16800000000000015
Georgia,Central and Eastern Europe,GEO,4.2745,0.7899100000000001,0.289055,0.6848049999999999,0.36519,0.061665,0.351055,-4,-0.04499999999999993
Niger,Africa,NER,4.273999959309895,0.14364177691936503,0.87800833495457975,0.2851683356761933,0.35721956547101336,0.19722461517651865,0.11319098206361133,-28,0.7719999999999998
Haiti,Latin America and Caribbean,HTI,4.273,0.30384999999999995,0.519315,0.331705,0.182485,0.47072500000000006,0.15825500000000003,17,-0.4900000000000002
Benin,Africa,BEN,4.227000021616616,0.4006951359113057,0.41476661451657604,0.282310070435206,0.4049875919818877,0.18198282039165503,0.06997633842627207,-51,1.399
Malawi,Sub-Saharan Africa,MWI,4.224,0.05156500000000001,0.27917000000000003,0.25963,0.42242,0.32048,0.072705,1,-0.13600000000000012
Bulgaria,Central and Eastern Europe,BGR,4.217499999999999,1.0626099999999998,1.0157800000000001,0.722275,0.25903000000000004,0.12357000000000001,0.007434999999999999,-5,-0.001000000000000334
Swaziland,Africa,SWZ,4.212,0.811,1.149,0,0.313,0.07400000000000001,0.135,34,-0.6549999999999994
Chad,Africa,TCD,4.19566670290629,0.38200432912508636,0.8756186240514121,0.09537823836008708,0.17511400894324,0.19837128349145267,0.06386062742273015,-12,0.5869999999999993
Ukraine,Europe,UKR,4.177000064849854,0.8358839831352234,1.3991791893641168,0.6413013173739117,0.154658258577188,0.21468715437253302,0.014676490272084867,10,0.008000000000000895
India,Asia,IND,4.17333335240682,0.7560737493832906,0.7554575322469076,0.5094758722782137,0.5023290016651154,0.2011794964869817,0.09007562841971717,22,-0.38900000000000023
Botswana,Sub-Saharan Africa,BWA,4.153,1.043905,0.9982500000000001,0.19763999999999998,0.46792,0.11443,0.11621500000000001,9,-0.3580000000000001
Uganda,Africa,UGA,4.143666617075603,0.345143571774165,1.0962759126027433,0.29921086887518566,0.41639531842867533,0.278922018925349,0.059356572945912664,-9,0.4500000000000002
Sudan,Africa,SDN,4.13899996948242,0.63225834608078,1.227004284858705,0.30146041190624256,0.0154979276396334,0.158158725321293,0.08592375999689099,4,0
Congo (Brazzaville),Sub-Saharan Africa,COG,4.112500000000001,0.7248749999999999,0.570445,0.296315,0.39702000000000004,0.12232500000000002,0.10719500000000001,-12,0.24700000000000077
Liberia,Sub-Saharan Africa,LBR,4.096500000000001,0.08913000000000001,0.6466049999999999,0.28683,0.27139500000000005,0.242125,0.05542,34,-0.9490000000000007
Senegal,Sub-Saharan Africa,SEN,4.0615000000000006,0.40406,0.875175,0.41998500000000005,0.33914,0.19973000000000002,0.11197000000000001,-14,0.3150000000000004
Mali,Sub-Saharan Africa,MLI,4.034,0.28683000000000003,0.949295,0.18465,0.332005,0.19931000000000001,0.12999500000000003,-3,0.07800000000000074
Gabon,Sub-Saharan Africa,GAB,4.0085,1.109375,0.81448,0.39156,0.30006,0.06533,0.102025,-9,0.2250000000000001
Guinea,Africa,GIN,4.00166665649414,0.3228499766985577,0.8040815618832907,0.260043046394984,0.358195837656657,0.21893836402893066,0.096979205906391,-33,0.9269999999999996
Comoros,Africa,COM,3.973,0.274,0.757,0.505,0.14200000000000002,0.275,0.07800000000000001,4,0.017000000000000348
Comoros,Sub-Saharan Africa,COM,3.9559999999999995,0.257075,0.6979799999999999,0.33148,0.191645,0.17855500000000002,0.191685,-2,0
Angola,Sub-Saharan Africa,AGO,3.9495,0.8025450000000001,0.76203,0.10837000000000001,0.054865000000000004,0.12207500000000002,0.07778000000000002,4,-0.1670000000000007
Yemen,Middle East and Northern Africa,YEM,3.9005,0.56294,0.5779299999999999,0.35556,0.292205,0.09476,0.06873000000000001,11,-0.35299999999999976
Cambodia,Southeastern Asia,KHM,3.8629999999999995,0.50821,0.58243,0.5180400000000001,0.6254899999999999,0.40349,0.07669500000000001,-5,0.08800000000000052
Togo,Africa,TGO,3.859666628519693,0.27981490580240903,0.49262751015027373,0.3033685228824617,0.36914204621315005,0.17729871690273302,0.0938883384267489,-16,0.782
Niger,Sub-Saharan Africa,NER,3.8504999999999994,0.10105,0.688975,0.27934500000000007,0.4286650000000001,0.201785,0.16407500000000003,-2,0.010999999999999677
Uganda,Sub-Saharan Africa,UGA,3.835,0.279105,1.0213999999999999,0.26743,0.4469,0.28084000000000003,0.06854500000000001,4,-0.19199999999999973
South Sudan,Sub-Saharan Africa,SSD,3.8319999999999994,0.39394,0.18519,0.15781000000000003,0.19662,0.25899,0.13015,0,0
Lesotho,Africa,LSO,3.806000029246013,0.49400708230336504,1.19136506207784,0.08233333333333334,0.3908870997428894,0.12683242396513636,0.10803154667218534,47,-1.096
Angola,Africa,AGO,3.7950000381469753,0.7942140901088715,1.114705979824065,0.1594343328177929,0,0.0884632450044155,0.06536016765236854,1,-0.07099999999999973
Ivory Coast,Sub-Saharan Africa,CIV,3.7855,0.510205,0.673455,0.098305,0.437645,0.202515,0.16726000000000002,-12,0.2609999999999997
Madagascar,Africa,MDG,3.7836666844685864,0.2806028977235157,0.912340124130249,0.44407443626721704,0.18606558847427368,0.177577510158221,0.05241065849860511,-5,0.238
Zimbabwe,Africa,ZWE,3.743333333333333,0.366282178322474,1.0970319693883266,0.2925879179636637,0.3677947356700897,0.15738116459051768,0.09445846047004063,15,-0.5299999999999994
Tanzania,Sub-Saharan Africa,TZA,3.7235,0.378375,0.889455,0.369575,0.32319,0.329245,0.05423,3,-0.11500000000000021
Chad,Sub-Saharan Africa,TCD,3.7150000000000003,0.382035,0.6962,0.09417,0.18154,0.18526499999999999,0.051105000000000005,-5,0.09600000000000009
Madagascar,Sub-Saharan Africa,MDG,3.6879999999999997,0.24389000000000002,0.56458,0.41915,0.16434000000000001,0.21686500000000003,0.07815000000000001,1,0.01399999999999979
Central African Republic,Sub-Saharan Africa,CAF,3.678,0.07850000000000001,0,0.06699000000000001,0.48879,0.23835,0.08289,0,0
Liberia,Africa,LBR,3.6676666641235363,0.08934726434946068,0.8840393122037254,0.3133060655991237,0.37396039414405835,0.23518329509099337,0.033982749690612164,-9,0.35299999999999976
Burkina Faso,Sub-Saharan Africa,BFA,3.6630000000000003,0.28903500000000004,0.74121,0.24211,0.36431499999999994,0.23050000000000004,0.126825,-7,0.1519999999999997
Malawi,Africa,MWI,3.65566667620341,0.20348067943255102,0.537856277147929,0.372029861132304,0.48030488459269205,0.23839015658696505,0.0805705513358116,18,-0.746
Guinea,Sub-Saharan Africa,GIN,3.6315,0.19916,0.387825,0.21419000000000002,0.34339,0.29285500000000003,0.12029500000000001,1,-0.04899999999999949
Botswana,Africa,BWA,3.6146666774749767,1.06003138478597,1.1801849981943766,0.432251836458842,0.5057321109771731,0.0554494827389717,0.09686106636126837,11,-0.48599999999999977
Haiti,Americas,HTI,3.5939999752044667,0.33553675429026303,0.680816607316335,0.3384403766791027,0.0271232857753833,0.4334012602965037,0.10462404984235764,11,-0.4309999999999996
Afghanistan,Asia,AFG,3.5429999701182036,0.361159072558085,0.5451811087926229,0.26558225961526233,0.06372650682926168,0.22029031085968037,0.040719276686509466,0,-0.15699999999999958
Rwanda,Sub-Saharan Africa,RWA,3.4899999999999998,0.27527,0.69478,0.373645,0.5676049999999999,0.2309,0.5285599999999999,-2,0.04999999999999982
Afghanistan,Southern Asia,AFG,3.4675,0.35104500000000005,0.20661000000000002,0.23839500000000002,0.19922,0.33889,0.08415500000000001,1,-0.21499999999999986
Syria,Asia,SYR,3.46199996439616,0.6950510447820026,0.3853675357500714,0.49317778078714997,0.06084648154179256,0.4002212427457173,0.14544904351234436,-7,0.3929999999999998
Yemen,Asia,YEM,3.44266664505005,0.4402278157869973,1.0571274156570434,0.37202697189648937,0.21215457403659835,0.09837506971756635,0.06592247423529624,4,-0.3440000000000003
Benin,Sub-Saharan Africa,BEN,3.412,0.34082,0.229025,0.26469,0.44098500000000007,0.19219999999999998,0.07345499999999999,-2,0.14400000000000013
Rwanda,Africa,RWA,3.4043333187103264,0.35324863107999166,0.8509023410479227,0.446808269103368,0.590947950998942,0.22325200978914903,0.4367400046189627,0,-0.18100000000000005
Tanzania,Africa,TZA,3.2943333257039398,0.48071195872624706,0.9726632677714033,0.41483642816543564,0.429339259227117,0.3000854539076487,0.10334503559271495,4,-0.43500000000000005
South Sudan,Africa,SSD,3.2326666933695463,0.34674954191843665,0.5947743759155273,0.21182866795857735,0.08968747858206436,0.23722360563278203,0.10459783776601167,13,-0.9789999999999996
Burundi,Africa,BDI,3.1949999904632564,0.07620752288897834,0.567931194782257,0.2255369305610657,0.11496691773335141,0.1764783948659897,0.1133826483488083,-12,0.8700000000000001
Togo,Sub-Saharan Africa,TGO,3.0709999999999997,0.24495499999999998,0.06997500000000001,0.26627,0.35565499999999994,0.17099,0.11159,-3,0.4640000000000004
Syria,Middle East and Northern Africa,SYR,3.0374999999999996,0.705195,0.311775,0.675935,0.11298000000000002,0.47788,0.180695,0,0.06300000000000017
Central African Republic,Africa,CAF,2.9530000260670968,0.016666666666666666,0,0.04459089530011017,0.26694734851519264,0.2446254958311717,0.043188358704249065,7,-0.5949999999999998
Burundi,Sub-Saharan Africa,BDI,2.905,0.041804999999999995,0.325145,0.19071500000000002,0.08085,0.200085,0.09740500000000002,0,0
